,horse_id,父,父父,父父父,父父父父,父父父父父,父父父父母,父父父母,父父父母父,父父父母母,父父母,父父母父,父父母父父,父父母父母,父父母母,父父母母父,父父母母母,父母,父母父,父母父父,父母父父父,父母父父母,父母父母,父母父母父,父母父母母,父母母,父母母父,父母母父父,父母母父母,父母母母,父母母母父,父母母母母,母,母父,母父父,母父父父,母父父父父,母父父父母,母父父母,母父父母父,母父父母母,母父母,母父母父,母父母父父,母父母父母,母父母母,母父母母父,母父母母母,母母,母母父,母母父父,母母父父父,母母父父母,母母父母,母母父母父,母母父母母,母母母,母母母父,母母母父父,母母母父母,母母母母,母母母母父,母母母母母
0,2012102013,"ブラックタイド
2001 黒鹿毛
[血統][産駒]
Halo系","サンデーサイレンス
Sunday Silence(米)
1986 青鹿毛
[血統][産駒]","Halo
1969 黒鹿毛
[血統][産駒]","Hail to Reason
1958 黒鹿毛",Turn-to,Nothirdchance,"Cosmah
1953 鹿毛",Cosmic Bomb,Almahmoud,"Wishing Well
1975 鹿毛
[血統][産駒]","Understanding
1963 栗毛",Promised Land,Pretty Ways,"Mountain Flower
1964 鹿毛",Montparnasse,Edelweiss,"ウインドインハーヘア
Wind in Her Hair(愛)
1991 鹿毛
[血統][産駒]","Alzao
1980 鹿毛
[血統][産駒]","Lyphard
1969 鹿毛",Northern Dancer,Goofed,"Lady Rebecca
1971 鹿毛",Sir Ivor,Pocahontas,"Burghclere
1977 鹿毛
[血統][産駒]","Busted
1963 栗毛",Crepello,Sans le Sou,"Highclere
1971 鹿毛",Queen's Hussar,Highlight,"シュガーハート
2005 鹿毛
[血統][産駒]
FNo.[9-g]","サクラバクシンオー
1989 鹿毛
[血統][産駒]","サクラユタカオー
1982 栗毛
[血統][産駒]","テスコボーイ
1963 黒鹿毛",Princely Gift,Suncourt,"アンジェリカ
1970 黒鹿毛",ネヴァービート,スターハイネス,"サクラハゴロモ
1984 鹿毛
[血統][産駒]","ノーザンテースト
1971 栗毛",Northern Dancer,Lady Victoria,"クリアアンバー
1967 黒鹿毛",Ambiopoise,One Clear Call,"オトメゴコロ
1990 栗毛
[血統][産駒]","ジャッジアンジェルーチ
Judge Angelucci(米)
1983 栗毛
[血統][産駒]","Honest Pleasure
1973 黒鹿毛",What a Pleasure,Tularia,"Victorian Queen
1971 鹿毛",Victoria Park,Willowfield,"テイズリー
Tizly(米)
1981 鹿毛
[血統][産駒]","Lyphard
1969 鹿毛",Northern Dancer,Goofed,"Tizna
1969 鹿毛",Trevieres,Noris
1,1996100292,"オペラハウス
Opera House(英)
1988 鹿毛
[血統][産駒]
Sadler's Wells系","Sadler's Wells
(米)
1981 鹿毛
[血統][産駒]","Northern Dancer
1961 鹿毛
[血統][産駒]","Nearctic
1954 黒鹿毛",Nearco,Lady Angela,"Natalma
1957 鹿毛",Native Dancer,Almahmoud,"Fairy Bridge
1975 鹿毛
[血統][産駒]","Bold Reason
1968 鹿毛",Hail to Reason,Lalun,"Special
1969 鹿毛",Forli,Thong,"Colorspin
1983 鹿毛
[血統][産駒]","High Top
1969 鹿毛
[血統][産駒]","Derring-Do
1961 鹿毛",Darius,Sipsey Bridge,"Camenae
1961 鹿毛",ヴィミー,Madrilene,"Reprocolor
1976 栗毛
[血統][産駒]","Jimmy Reppin
1965 栗毛",Midsummer Night,Sweet Molly,"Blue Queen
1967 栗毛",Majority Blue,Hill Queen,"ワンスウエド
Once Wed(米)
1984 栗毛
[血統][産駒]
FNo.[4-m]","Blushing Groom
(仏)
1974 栗毛
[血統][産駒]","Red God
1954 栗毛
[血統][産駒]","Nasrullah
1940 鹿毛",Nearco,Mumtaz Begum,"Spring Run
1948 鹿毛",Menow,Boola Brook,"Runaway Bride
1962 鹿毛
[血統][産駒]","Wild Risk
1940 鹿毛",Rialto,Wild Violet,"Aimee
1957 鹿毛",Tudor Minstrel,Emali,"Noura
1978 黒鹿毛
[血統][産駒]","Key to the Kingdom
1970 黒鹿毛
[血統][産駒]","Bold Ruler
1954 黒鹿毛",Nasrullah,Miss Disco,"Key Bridge
1959 鹿毛",Princequillo,Blue Banner,"River Guide
1971 栗毛
[血統][産駒]","Drone
1966 芦毛",Sir Gaylord,Cap and Bells,"Blue Canoe
1958 鹿毛",Jet Pilot,Portage
2,2002100816,"サンデーサイレンス
Sunday Silence(米)
1986 青鹿毛
[血統][産駒]
Halo系","Halo
1969 黒鹿毛
[血統][産駒]","Hail to Reason
1958 黒鹿毛
[血統][産駒]","Turn-to
1951 鹿毛",Royal Charger,Source Sucree,"Nothirdchance
1948 鹿毛",Blue Swords,Galla Colors,"Cosmah
1953 鹿毛
[血統][産駒]","Cosmic Bomb
1944 黒鹿毛",Pharamond,Banish Fear,"Almahmoud
1947 栗毛",Mahmoud,Arbitrator,"Wishing Well
1975 鹿毛
[血統][産駒]","Understanding
1963 栗毛
[血統][産駒]","Promised Land
1954 芦毛",Palestinian,Mahmoudess,"Pretty Ways
1953 黒鹿毛",Stymie,Pretty Jo,"Mountain Flower
1964 鹿毛
[血統][産駒]","Montparnasse
1956",Gulf Stream,Mignon,"Edelweiss
1959 鹿毛",Hillary,Dowager,"ウインドインハーヘア
Wind in Her Hair(愛)
1991 鹿毛
[血統][産駒]
FNo.[2-f]","Alzao
1980 鹿毛
[血統][産駒]","Lyphard
1969 鹿毛
[血統][産駒]","Northern Dancer
1961 鹿毛",Nearctic,Natalma,"Goofed
1960 栗毛",Court Martial,Barra,"Lady Rebecca
1971 鹿毛
[血統][産駒]","Sir Ivor
1965 鹿毛",Sir Gaylord,Attica,"Pocahontas
1955 黒鹿毛",Roman,How,"Burghclere
1977 鹿毛
[血統][産駒]","Busted
1963 栗毛
[血統][産駒]","Crepello
1954 栗毛",Donatello,Crepuscule,"Sans le Sou
1957 鹿毛",ヴィミー,Martial Loan,"Highclere
1971 鹿毛
[血統][産駒]","Queen's Hussar
1960 鹿毛",March Past,Jojo,"Highlight
1958 鹿毛",Borealis,Hypericum
3,2009102739,"ステイゴールド
1994 黒鹿毛
[血統][産駒]
Halo系","サンデーサイレンス
Sunday Silence(米)
1986 青鹿毛
[血統][産駒]","Halo
1969 黒鹿毛
[血統][産駒]","Hail to Reason
1958 黒鹿毛",Turn-to,Nothirdchance,"Cosmah
1953 鹿毛",Cosmic Bomb,Almahmoud,"Wishing Well
1975 鹿毛
[血統][産駒]","Understanding
1963 栗毛",Promised Land,Pretty Ways,"Mountain Flower
1964 鹿毛",Montparnasse,Edelweiss,"ゴールデンサッシュ
1988 栗毛
[血統][産駒]","ディクタス
Dictus(仏)
1967 栗毛
[血統][産駒]","Sanctus
1960 黒鹿毛",Fine Top,Sanelta,"Doronic
1960 栗毛",Worden,Dulzetta,"ダイナサッシュ
1979 鹿毛
[血統][産駒]","ノーザンテースト
1971 栗毛",Northern Dancer,Lady Victoria,"ロイヤルサッシュ
1966 鹿毛",Princely Gift,Sash of Honour,"ポイントフラッグ
1998 芦毛
[血統][産駒]
FNo.[16-h]","メジロマックイーン
1987 芦毛
[血統][産駒]","メジロティターン
1978 芦毛
[血統][産駒]","メジロアサマ
1966 芦毛",パーソロン,スヰート,"シエリル
1971 鹿毛",スノッブ,Chanel,"メジロオーロラ
1978 栗毛
[血統][産駒]","リマンド
1965 栗毛",Alcide,Admonish,"メジロアイリス
1964 黒鹿毛",ヒンドスタン,アサマユリ,"パストラリズム
1987 黒鹿毛
[血統][産駒]","プルラリズム
Pluralisme(米)
1980 鹿毛
[血統][産駒]","The Minstrel
1974 栗毛",Northern Dancer,Fleur,"Cambretta
1975 黒鹿毛",Roberto,Cambrienne,"トクノエイティー
1978 黒鹿毛
[血統][産駒]","トライバルチーフ
1967 黒鹿毛",Princely Gift,Mwanza,"アイアンルビー
1972 青毛",ラークスパー,風玲
4,2008102636,"ステイゴールド
1994 黒鹿毛
[血統][産駒]
Halo系","サンデーサイレンス
Sunday Silence(米)
1986 青鹿毛
[血統][産駒]","Halo
1969 黒鹿毛
[血統][産駒]","Hail to Reason
1958 黒鹿毛",Turn-to,Nothirdchance,"Cosmah
1953 鹿毛",Cosmic Bomb,Almahmoud,"Wishing Well
1975 鹿毛
[血統][産駒]","Understanding
1963 栗毛",Promised Land,Pretty Ways,"Mountain Flower
1964 鹿毛",Montparnasse,Edelweiss,"ゴールデンサッシュ
1988 栗毛
[血統][産駒]","ディクタス
Dictus(仏)
1967 栗毛
[血統][産駒]","Sanctus
1960 黒鹿毛",Fine Top,Sanelta,"Doronic
1960 栗毛",Worden,Dulzetta,"ダイナサッシュ
1979 鹿毛
[血統][産駒]","ノーザンテースト
1971 栗毛",Northern Dancer,Lady Victoria,"ロイヤルサッシュ
1966 鹿毛",Princely Gift,Sash of Honour,"オリエンタルアート
1997 栗毛
[血統][産駒]
FNo.[8-c]","メジロマックイーン
1987 芦毛
[血統][産駒]","メジロティターン
1978 芦毛
[血統][産駒]","メジロアサマ
1966 芦毛",パーソロン,スヰート,"シエリル
1971 鹿毛",スノッブ,Chanel,"メジロオーロラ
1978 栗毛
[血統][産駒]","リマンド
1965 栗毛",Alcide,Admonish,"メジロアイリス
1964 黒鹿毛",ヒンドスタン,アサマユリ,"エレクトロアート
1986 栗毛
[血統][産駒]","ノーザンテースト
Northern Taste(加)
1971 栗毛
[血統][産駒]","Northern Dancer
1961 鹿毛",Nearctic,Natalma,"Lady Victoria
1962 黒鹿毛",Victoria Park,Lady Angela,"グランマスティーヴンス
Grandma Stevens(米)
1977 栗毛
[血統][産駒]","Lt. Stevens
1961 鹿毛",Nantallah,Rough Shod,"Dhow
1968 芦毛",Bronze Babu,Coastal Trade
5,2002100877,"エルコンドルパサー
1995 黒鹿毛
[血統][産駒]
Mr. Prospector系","Kingmambo
(米)
1990 鹿毛
[血統][産駒]","Mr. Prospector
1970 鹿毛
[血統][産駒]","Raise a Native
1961 栗毛",Native Dancer,Raise You,"Gold Digger
1962 鹿毛",Nashua,Sequence,"Miesque
1984 鹿毛
[血統][産駒]","Nureyev
1977 鹿毛",Northern Dancer,Special,"Pasadoble
1979 鹿毛",Prove Out,Santa Quilla,"サドラーズギャル
Saddlers Gal(愛)
1989 鹿毛
[血統][産駒]","Sadler's Wells
(米)
1981 鹿毛
[血統][産駒]","Northern Dancer
1961 鹿毛",Nearctic,Natalma,"Fairy Bridge
1975 鹿毛",Bold Reason,Special,"Glenveagh
1986 鹿毛
[血統][産駒]","Seattle Slew
1974 黒鹿毛",Bold Reasoning,My Charmer,"Lisadell
1971 鹿毛",Forli,Thong,"スカーレットレディ
1995 黒鹿毛
[血統][産駒]
FNo.[4-d]","サンデーサイレンス
Sunday Silence(米)
1986 青鹿毛
[血統][産駒]","Halo
1969 黒鹿毛
[血統][産駒]","Hail to Reason
1958 黒鹿毛",Turn-to,Nothirdchance,"Cosmah
1953 鹿毛",Cosmic Bomb,Almahmoud,"Wishing Well
1975 鹿毛
[血統][産駒]","Understanding
1963 栗毛",Promised Land,Pretty Ways,"Mountain Flower
1964 鹿毛",Montparnasse,Edelweiss,"スカーレットローズ
1987 栗毛
[血統][産駒]","ノーザンテースト
Northern Taste(加)
1971 栗毛
[血統][産駒]","Northern Dancer
1961 鹿毛",Nearctic,Natalma,"Lady Victoria
1962 黒鹿毛",Victoria Park,Lady Angela,"スカーレットインク
Scarlet Ink(米)
1971 栗毛
[血統][産駒]","Crimson Satan
1959 栗毛",Spy Song,Papila,"Consentida
1962 鹿毛",Beau Max,La Menina
6,2000101517,"サンデーサイレンス
Sunday Silence(米)
1986 青鹿毛
[血統][産駒]
Halo系","Halo
1969 黒鹿毛
[血統][産駒]","Hail to Reason
1958 黒鹿毛
[血統][産駒]","Turn-to
1951 鹿毛",Royal Charger,Source Sucree,"Nothirdchance
1948 鹿毛",Blue Swords,Galla Colors,"Cosmah
1953 鹿毛
[血統][産駒]","Cosmic Bomb
1944 黒鹿毛",Pharamond,Banish Fear,"Almahmoud
1947 栗毛",Mahmoud,Arbitrator,"Wishing Well
1975 鹿毛
[血統][産駒]","Understanding
1963 栗毛
[血統][産駒]","Promised Land
1954 芦毛",Palestinian,Mahmoudess,"Pretty Ways
1953 黒鹿毛",Stymie,Pretty Jo,"Mountain Flower
1964 鹿毛
[血統][産駒]","Montparnasse
1956",Gulf Stream,Mignon,"Edelweiss
1959 鹿毛",Hillary,Dowager,"ローミンレイチェル
Roamin Rachel(米)
1990 鹿毛
[血統][産駒]
FNo.[2-b]","マイニング
Mining(米)
1984 栗毛
[血統][産駒]","Mr. Prospector
1970 鹿毛
[血統][産駒]","Raise a Native
1961 栗毛",Native Dancer,Raise You,"Gold Digger
1962 鹿毛",Nashua,Sequence,"I Pass
1978 鹿毛
[血統][産駒]","Buckpasser
1963 鹿毛",Tom Fool,Busanda,"Impish
1972 栗毛",Majestic Prince,Lady Be Good,"One Smart Lady
1984 鹿毛
[血統][産駒]","Clever Trick
1976 黒鹿毛
[血統][産駒]","Icecapade
1969 芦毛",Nearctic,Shenanigans,"Kankakee Miss
1967 青毛",Better Bee,Golden Beach,"Pia's Lady
1971 鹿毛
[血統][産駒]","Pia Star
1961 鹿毛",Olympia,Inquisitive,"Plucky Roman
1954 鹿毛",Roman,Hasty Request
7,1995103211,"サンデーサイレンス
Sunday Silence(米)
1986 青鹿毛
[血統][産駒]
Halo系","Halo
1969 黒鹿毛
[血統][産駒]","Hail to Reason
1958 黒鹿毛
[血統][産駒]","Turn-to
1951 鹿毛",Royal Charger,Source Sucree,"Nothirdchance
1948 鹿毛",Blue Swords,Galla Colors,"Cosmah
1953 鹿毛
[血統][産駒]","Cosmic Bomb
1944 黒鹿毛",Pharamond,Banish Fear,"Almahmoud
1947 栗毛",Mahmoud,Arbitrator,"Wishing Well
1975 鹿毛
[血統][産駒]","Understanding
1963 栗毛
[血統][産駒]","Promised Land
1954 芦毛",Palestinian,Mahmoudess,"Pretty Ways
1953 黒鹿毛",Stymie,Pretty Jo,"Mountain Flower
1964 鹿毛
[血統][産駒]","Montparnasse
1956",Gulf Stream,Mignon,"Edelweiss
1959 鹿毛",Hillary,Dowager,"キャンペンガール
1987 鹿毛
[血統][産駒]
FNo.[3-l]","マルゼンスキー
1974 鹿毛
[血統][産駒]","Nijinsky
1967 鹿毛
[血統][産駒]","Northern Dancer
1961 鹿毛",Nearctic,Natalma,"Flaming Page
1959 鹿毛",Bull Page,Flaring Top,"シル
Shill(米)
1970 鹿毛
[血統][産駒]","Buckpasser
1963 鹿毛",Tom Fool,Busanda,"Quill
1956 栗毛",Princequillo,Quick Touch,"レディーシラオキ
1978 鹿毛
[血統][産駒]","セントクレスピン
1956 栗毛
[血統][産駒]","Aureole
1950 栗毛",Hyperion,Angelola,"Neocracy
1944 黒鹿毛",Nearco,Harina,"ミスアシヤガワ
1964 鹿毛
[血統][産駒]","ヒンドスタン
1946 黒鹿毛",Bois Roussel,Sonibai,"シラオキ
1946 栗毛",プリメロ,第弐スターカツプ
8,1997110043,"Pleasant Tap
1987 鹿毛
[血統][産駒]
Ribot系","Pleasant Colony
1978 黒鹿毛
[血統][産駒]","His Majesty
1968 鹿毛
[血統][産駒]","Ribot
1952 鹿毛",Tenerani,Romanella,"Flower Bowl
1952 鹿毛",Alibhai,Flower Bed,"Sun Colony
1968 鹿毛
[血統][産駒]","Sunrise Flight
1959 黒鹿毛",Double Jay,Misty Morn,"Colonia
1959 鹿毛",Cockrullah,Nalga,"Never Knock
1979 黒鹿毛
[血統][産駒]","Stage Door Johnny
1965 栗毛
[血統][産駒]","Prince John
1953 栗毛",Princequillo,Not Afraid,"Peroxide Blonde
1960 栗毛",Ballymoss,Folie Douce,"Never Hula
1969 黒鹿毛
[血統][産駒]","Never Bend
1960 鹿毛",Nasrullah,Lalun,"Hula Hula
1952 黒鹿毛",Polynesian,Black Helen,"All Dance
1978 鹿毛
[血統][産駒]
FNo.[23-b]","Northern Dancer
1961 鹿毛
[血統][産駒]","Nearctic
1954 黒鹿毛
[血統][産駒]","Nearco
1935 黒鹿毛",Pharos,Nogara,"Lady Angela
1944 栗毛",Hyperion,Sister Sarah,"Natalma
1957 鹿毛
[血統][産駒]","Native Dancer
1950 芦毛",Polynesian,Geisha,"Almahmoud
1947 栗毛",Mahmoud,Arbitrator,"All Rainbows
1973 鹿毛
[血統][産駒]","Bold Hour
1964 黒鹿毛
[血統][産駒]","Bold Ruler
1954 黒鹿毛",Nasrullah,Miss Disco,"Seven Thirty
1958 黒鹿毛",Mr. Music,Time to Dine,"Miss Carmie
1966 鹿毛
[血統][産駒]","T.V. Lark
1957",Indian Hemp,Miss Larksfly,"Twice Over
1956 黒鹿毛",Ponder,Twosy
9,2009100921,"キングカメハメハ
2001 鹿毛
[血統][産駒]
Mr. Prospector系","Kingmambo
(米)
1990 鹿毛
[血統][産駒]","Mr. Prospector
1970 鹿毛
[血統][産駒]","Raise a Native
1961 栗毛",Native Dancer,Raise You,"Gold Digger
1962 鹿毛",Nashua,Sequence,"Miesque
1984 鹿毛
[血統][産駒]","Nureyev
1977 鹿毛",Northern Dancer,Special,"Pasadoble
1979 鹿毛",Prove Out,Santa Quilla,"マンファス
Manfath(愛)
1991 黒鹿毛
[血統][産駒]","ラストタイクーン
Last Tycoon(愛)
1983 黒鹿毛
[血統][産駒]","トライマイベスト
1975 鹿毛",Northern Dancer,Sex Appeal,"Mill Princess
1977 鹿毛",Mill Reef,Irish Lass,"Pilot Bird
1983 鹿毛
[血統][産駒]","Blakeney
1966 鹿毛",Hethersett,Windmill Girl,"The Dancer
1977 鹿毛",Green Dancer,Khazaeen,"マダムチェロキー
2001 鹿毛
[血統][産駒]
FNo.[9-e]","Cherokee Run
1990 黒鹿毛
[血統][産駒]","Runaway Groom
1979 芦毛
[血統][産駒]","Blushing Groom
1974 栗毛",Red God,Runaway Bride,"Yonnie Girl
1966 芦毛",Call the Witness,Po'chile,"Cherokee Dame
1980 芦毛
[血統][産駒]","Silver Saber
1972 芦毛",Drone,Happy Flirt,"Dame Francesca
1966 鹿毛",Francis S.,Maid to Rule,"アンフォイルド
Unfoiled(米)
1995 鹿毛
[血統][産駒]","Unbridled
1987 鹿毛
[血統][産駒]","Fappiano
1977 鹿毛",Mr. Prospector,Killaloe,"Gana Facil
1981 栗毛",Le Fabuleux,Charedi,"Bold Foil
1981 黒鹿毛
[血統][産駒]","Bold Forbes
1973 黒鹿毛",Irish Castle,Comely Nell,"Perfect Foil
1966 黒鹿毛",Sword Dancer,Flight Bird
10,2003102205,"オペラハウス
Opera House(英)
1988 鹿毛
[血統][産駒]
Sadler's Wells系","Sadler's Wells
(米)
1981 鹿毛
[血統][産駒]","Northern Dancer
1961 鹿毛
[血統][産駒]","Nearctic
1954 黒鹿毛",Nearco,Lady Angela,"Natalma
1957 鹿毛",Native Dancer,Almahmoud,"Fairy Bridge
1975 鹿毛
[血統][産駒]","Bold Reason
1968 鹿毛",Hail to Reason,Lalun,"Special
1969 鹿毛",Forli,Thong,"Colorspin
1983 鹿毛
[血統][産駒]","High Top
1969 鹿毛
[血統][産駒]","Derring-Do
1961 鹿毛",Darius,Sipsey Bridge,"Camenae
1961 鹿毛",ヴィミー,Madrilene,"Reprocolor
1976 栗毛
[血統][産駒]","Jimmy Reppin
1965 栗毛",Midsummer Night,Sweet Molly,"Blue Queen
1967 栗毛",Majority Blue,Hill Queen,"マイヴィヴィアン
1997 鹿毛
[血統][産駒]
FNo.[3-l]","ダンシングブレーヴ
Dancing Brave(米)
1983 鹿毛
[血統][産駒]","Lyphard
1969 鹿毛
[血統][産駒]","Northern Dancer
1961 鹿毛",Nearctic,Natalma,"Goofed
1960 栗毛",Court Martial,Barra,"Navajo Princess
1974 鹿毛
[血統][産駒]","Drone
1966 芦毛",Sir Gaylord,Cap and Bells,"Olmec
1966 栗毛",Pago Pago,Chocolate Beau,"ウイルプリンセス
1983 鹿毛
[血統][産駒]","サンプリンス
1969 栃栗毛
[血統][産駒]","Princely Gift
1951 鹿毛",Nasrullah,Blue Gem,"Costa Sola
1963 栗毛",Worden,Sunny Cove,"エール
1972 芦毛
[血統][産駒]","フォルティノ
1959 芦毛",Grey Sovereign,Ranavalo,"ガーネツト
1955 鹿毛",トサミドリ,サンキスト
11,2005102837,"ゴールドアリュール
1999 栗毛
[血統][産駒]
Halo系","サンデーサイレンス
Sunday Silence(米)
1986 青鹿毛
[血統][産駒]","Halo
1969 黒鹿毛
[血統][産駒]","Hail to Reason
1958 黒鹿毛",Turn-to,Nothirdchance,"Cosmah
1953 鹿毛",Cosmic Bomb,Almahmoud,"Wishing Well
1975 鹿毛
[血統][産駒]","Understanding
1963 栗毛",Promised Land,Pretty Ways,"Mountain Flower
1964 鹿毛",Montparnasse,Edelweiss,"ニキーヤ
Nikiya(米)
1993 鹿毛
[血統][産駒]","Nureyev
1977 鹿毛
[血統][産駒]","Northern Dancer
1961 鹿毛",Nearctic,Natalma,"Special
1969 鹿毛",Forli,Thong,"Reluctant Guest
1986 鹿毛
[血統][産駒]","Hostage
1979 鹿毛",Nijinsky,Entente,"Vaguely Royal
1974 黒鹿毛",Vaguely Noble,Shoshanna,"エミネントシチー
1998 鹿毛
[血統][産駒]
FNo.[4-m]","ブライアンズタイム
Brian's Time(米)
1985 黒鹿毛
[血統][産駒]","Roberto
1969 鹿毛
[血統][産駒]","Hail to Reason
1958 黒鹿毛",Turn-to,Nothirdchance,"Bramalea
1959 黒鹿毛",Nashua,Rarelea,"Kelley's Day
1977 鹿毛
[血統][産駒]","Graustark
1963 栗毛",Ribot,Flower Bowl,"Golden Trail
1958 黒鹿毛",Hasty Road,Sunny Vale,"ヘップバーンシチー
1990 鹿毛
[血統][産駒]","ブレイヴェストローマン
Bravest Roman(米)
1972 鹿毛
[血統][産駒]","Never Bend
1960 鹿毛",Nasrullah,Lalun,"Roman Song
1955 鹿毛",Roman,Quiz Song,"コンパルシチー
1978 鹿毛
[血統][産駒]","トラフィック
1961 栗毛",Traffic Judge,Capelet,"リンネス
1972 鹿毛",フィダルゴ,ジーゲリン
12,2001103114,"サンデーサイレンス
Sunday Silence(米)
1986 青鹿毛
[血統][産駒]
Halo系","Halo
1969 黒鹿毛
[血統][産駒]","Hail to Reason
1958 黒鹿毛
[血統][産駒]","Turn-to
1951 鹿毛",Royal Charger,Source Sucree,"Nothirdchance
1948 鹿毛",Blue Swords,Galla Colors,"Cosmah
1953 鹿毛
[血統][産駒]","Cosmic Bomb
1944 黒鹿毛",Pharamond,Banish Fear,"Almahmoud
1947 栗毛",Mahmoud,Arbitrator,"Wishing Well
1975 鹿毛
[血統][産駒]","Understanding
1963 栗毛
[血統][産駒]","Promised Land
1954 芦毛",Palestinian,Mahmoudess,"Pretty Ways
1953 黒鹿毛",Stymie,Pretty Jo,"Mountain Flower
1964 鹿毛
[血統][産駒]","Montparnasse
1956",Gulf Stream,Mignon,"Edelweiss
1959 鹿毛",Hillary,Dowager,"スカーレットブーケ
1988 栗毛
[血統][産駒]
FNo.[4-d]","ノーザンテースト
Northern Taste(加)
1971 栗毛
[血統][産駒]","Northern Dancer
1961 鹿毛
[血統][産駒]","Nearctic
1954 黒鹿毛",Nearco,Lady Angela,"Natalma
1957 鹿毛",Native Dancer,Almahmoud,"Lady Victoria
1962 黒鹿毛
[血統][産駒]","Victoria Park
1957 鹿毛",Chop Chop,Victoriana,"Lady Angela
1944 栗毛",Hyperion,Sister Sarah,"スカーレットインク
Scarlet Ink(米)
1971 栗毛
[血統][産駒]","Crimson Satan
1959 栗毛
[血統][産駒]","Spy Song
1943 黒鹿毛",Balladier,Mata Hari,"Papila
1943 栗毛",Requiebro,Papalona,"Consentida
1962 鹿毛
[血統][産駒]","Beau Max
1947 鹿毛",Bull Lea,Bee Mac,"La Menina
1958 栗毛",Royal Charger,Your Hostess
13,1987107235,"メジロティターン
1978 芦毛
[血統][産駒]
パーソロン系","メジロアサマ
1966 芦毛
[血統][産駒]","パーソロン
Partholon(愛)
1960 鹿毛
[血統][産駒]","Milesian
1953 鹿毛",My Babu,Oatflake,"Paleo
1953 鹿毛",Pharis,Calonice,"スヰート
Sweet Sixteen(米)
1951 芦毛
[血統][産駒]","First Fiddle
1939 芦毛",Royal Minstrel,Rueful,"Blue Eyed Momo
1944 栗毛",War Admiral,Big Event,"シエリル
Cheryl(仏)
1971 鹿毛
[血統][産駒]","スノッブ
1959 鹿毛
[血統][産駒]","Mourne
1954 栗毛",Vieux Manoir,Ballynash,"Senones
1952 黒鹿毛",Prince Bio,Sif,"Chanel
1961 鹿毛
[血統][産駒]","Pan
1947 鹿毛",Atys,Pretty Girl,"Barley Corn
1950 鹿毛",Hyperion,Schiaparelli,"メジロオーロラ
1978 栗毛
[血統][産駒]
FNo.[7-c]","リマンド
Remand(英)
1965 栗毛
[血統][産駒]","Alcide
1955 鹿毛
[血統][産駒]","Alycidon
1945 栗毛",Donatello,Aurora,"Chenille
1940 黒鹿毛",King Salmon,Sweet Aloe,"Admonish
1958 芦毛
[血統][産駒]","Palestine
1947 芦毛",Fair Trial,Una,"Warning
1950 栗毛",Chanteur,Vertencia,"メジロアイリス
1964 黒鹿毛
[血統][産駒]","ヒンドスタン
1946 黒鹿毛
[血統][産駒]","Bois Roussel
1935 黒鹿毛",Vatout,Plucky Liege,"Sonibai
1939 鹿毛",Solario,Udaipur,"アサマユリ
1959 栗毛
[血統][産駒]","ボストニアン
1950 栗毛",セフト,神正,"トモエ
1951 栗毛",月友,アスエ
14,2010106548,"ゴールドアリュール
1999 栗毛
[血統][産駒]
Halo系","サンデーサイレンス
Sunday Silence(米)
1986 青鹿毛
[血統][産駒]","Halo
1969 黒鹿毛
[血統][産駒]","Hail to Reason
1958 黒鹿毛",Turn-to,Nothirdchance,"Cosmah
1953 鹿毛",Cosmic Bomb,Almahmoud,"Wishing Well
1975 鹿毛
[血統][産駒]","Understanding
1963 栗毛",Promised Land,Pretty Ways,"Mountain Flower
1964 鹿毛",Montparnasse,Edelweiss,"ニキーヤ
Nikiya(米)
1993 鹿毛
[血統][産駒]","Nureyev
1977 鹿毛
[血統][産駒]","Northern Dancer
1961 鹿毛",Nearctic,Natalma,"Special
1969 鹿毛",Forli,Thong,"Reluctant Guest
1986 鹿毛
[血統][産駒]","Hostage
1979 鹿毛",Nijinsky,Entente,"Vaguely Royal
1974 黒鹿毛",Vaguely Noble,Shoshanna,"コパノニキータ
2001 栗毛
[血統][産駒]
FNo.[1-o]","ティンバーカントリー
Timber Country(米)
1992 栗毛
[血統][産駒]","Woodman
1983 栗毛
[血統][産駒]","Mr. Prospector
1970 鹿毛",Raise a Native,Gold Digger,"プレイメイト
1975 栗毛",Buckpasser,Intriguing,"Fall Aspen
1976 栗毛
[血統][産駒]","Pretense
1963 黒鹿毛",Endeavour,Imitation,"Change Water
1969 栗毛",Swaps,Portage,"ニホンピロローズ
1996 栗毛
[血統][産駒]","トニービン
Tony Bin(愛)
1983 鹿毛
[血統][産駒]","カンパラ
1976 黒鹿毛",Kalamoun,State Pension,"Severn Bridge
1965 栗毛",Hornbeam,Priddy Fair,"ウェディングブーケ
1990 鹿毛
[血統][産駒]","リアルシャダイ
1979 黒鹿毛",Roberto,Desert Vixen,"アリーウイン
1984 栗毛",Alydar,Fleet Victress
15,2005100097,"ゴールドアリュール
1999 栗毛
[血統][産駒]
Halo系","サンデーサイレンス
Sunday Silence(米)
1986 青鹿毛
[血統][産駒]","Halo
1969 黒鹿毛
[血統][産駒]","Hail to Reason
1958 黒鹿毛",Turn-to,Nothirdchance,"Cosmah
1953 鹿毛",Cosmic Bomb,Almahmoud,"Wishing Well
1975 鹿毛
[血統][産駒]","Understanding
1963 栗毛",Promised Land,Pretty Ways,"Mountain Flower
1964 鹿毛",Montparnasse,Edelweiss,"ニキーヤ
Nikiya(米)
1993 鹿毛
[血統][産駒]","Nureyev
1977 鹿毛
[血統][産駒]","Northern Dancer
1961 鹿毛",Nearctic,Natalma,"Special
1969 鹿毛",Forli,Thong,"Reluctant Guest
1986 鹿毛
[血統][産駒]","Hostage
1979 鹿毛",Nijinsky,Entente,"Vaguely Royal
1974 黒鹿毛",Vaguely Noble,Shoshanna,"ケイシュウハーブ
1988 芦毛
[血統][産駒]
FNo.[9-c]","ミシシッピアン
1971 鹿毛
[血統][産駒]","Vaguely Noble
1965 鹿毛
[血統][産駒]","ヴィエナ
1957 栗毛",Aureole,Turkish Blood,"Noble Lassie
1956 鹿毛",Nearco,Belle Sauvage,"Gazala
1964 黒鹿毛
[血統][産駒]","Dark Star
1950 黒鹿毛",Royal Gem,Isolde,"Belle Angevine
1957 鹿毛",L'Amiral,Bella,"キョウエイシラユキ
1980 芦毛
[血統][産駒]","クラウンドプリンス
1969 栗毛
[血統][産駒]","Raise a Native
1961 栗毛",Native Dancer,Raise You,"Gay Hostess
1957 鹿毛",Royal Charger,Your Hostess,"アリアーン
Ariaan(英)
1968 芦毛
[血統][産駒]","シルバーシャーク
1963 芦毛",Buisson Ardent,Palsaka,"Nucciolina
1957 鹿毛",Nuccio,Mah Behar
16,1996102442,"サッカーボーイ
1985 栃栗毛
[血統][産駒]
Fine Top系","ディクタス
Dictus(仏)
1967 栗毛
[血統][産駒]","Sanctus
1960 黒鹿毛
[血統][産駒]","Fine Top
1949 黒鹿毛",Fine Art,Toupie,"Sanelta
1954 鹿毛",Tourment,Satanella,"Doronic
1960 栗毛
[血統][産駒]","Worden
1949 栗毛",Wild Risk,Sans Tares,"Dulzetta
1954 栗毛",Bozzetto,Dulcimer,"ダイナサッシュ
1979 鹿毛
[血統][産駒]","ノーザンテースト
Northern Taste(加)
1971 栗毛
[血統][産駒]","Northern Dancer
1961 鹿毛",Nearctic,Natalma,"Lady Victoria
1962 黒鹿毛",Victoria Park,Lady Angela,"ロイヤルサッシュ
Royal Sash(英)
1966 鹿毛
[血統][産駒]","Princely Gift
1951 鹿毛",Nasrullah,Blue Gem,"Sash of Honour
1957 栗毛",Prince Chevalier,Sylko,"フローラルマジック
Floral Magic(米)
1985 黒鹿毛
[血統][産駒]
FNo.[18]","Affirmed
1975 栗毛
[血統][産駒]","Exclusive Native
1965 栗毛
[血統][産駒]","Raise a Native
1961 栗毛",Native Dancer,Raise You,"Exclusive
1953 栗毛",Shut Out,Good Example,"Won't Tell You
1962 鹿毛
[血統][産駒]","Crafty Admiral
1948 鹿毛",Fighting Fox,Admiral's Lady,"Scarlet Ribbon
1957 鹿毛",Volcanic,Native Valor,"Rare Lady
1974 黒鹿毛
[血統][産駒]","Never Bend
1960 鹿毛
[血統][産駒]","Nasrullah
1940 鹿毛",Nearco,Mumtaz Begum,"Lalun
1952 鹿毛",Djeddah,Be Faithful,"Double Agent
1959 黒鹿毛
[血統][産駒]","Double Jay
1944 黒鹿毛",Balladier,Broomshot,"Conniver
1944 黒鹿毛",Discovery,The Schemer
17,1999110099,"Kris S.
1977 黒鹿毛
[血統][産駒]
Roberto系","Roberto
1969 鹿毛
[血統][産駒]","Hail to Reason
1958 黒鹿毛
[血統][産駒]","Turn-to
1951 鹿毛",Royal Charger,Source Sucree,"Nothirdchance
1948 鹿毛",Blue Swords,Galla Colors,"Bramalea
1959 黒鹿毛
[血統][産駒]","Nashua
1952 鹿毛",Nasrullah,Segula,"Rarelea
1949 鹿毛",Bull Lea,Bleebok,"Sharp Queen
1965 鹿毛
[血統][産駒]","Princequillo
1940 鹿毛
[血統][産駒]","Prince Rose
1928 鹿毛",Rose Prince,Indolence,"Cosquilla
1933 鹿毛",Papyrus,Quick Thought,"Bridgework
1955 黒鹿毛
[血統][産駒]","Occupy
1941 鹿毛",Bull Dog,Miss Bunting,"Feale Bridge
1942 栗毛",Gold Bridge,Tolerate,"Tee Kay
1991 黒鹿毛
[血統][産駒]
FNo.[8-h]","Gold Meridian
1982 黒鹿毛
[血統][産駒]","Seattle Slew
1974 黒鹿毛
[血統][産駒]","Bold Reasoning
1968 黒鹿毛",Boldnesian,Reason to Earn,"My Charmer
1969 鹿毛",Poker,Fair Charmer,"Queen Louie
1968 栗毛
[血統][産駒]","Crimson Satan
1959 栗毛",Spy Song,Papila,"Reagent
1961 鹿毛",Rasper,Albany Isle,"Tri Argo
1982 黒鹿毛
[血統][産駒]","Tri Jet
1969 黒鹿毛
[血統][産駒]","Jester
1955 鹿毛",Tom Fool,Golden Apple,"Haze
1953 鹿毛",Olympia,Blue Castle,"Hail Proudly
1969 栗毛
[血統][産駒]","Francis S.
1957 栗毛",Royal Charger,Blue Eyed Momo,"Spanglet
1951 栗毛",Alibhai,Flawless Pearl
18,1998101683,"ブライアンズタイム
Brian's Time(米)
1985 黒鹿毛
[血統][産駒]
Roberto系","Roberto
1969 鹿毛
[血統][産駒]","Hail to Reason
1958 黒鹿毛
[血統][産駒]","Turn-to
1951 鹿毛",Royal Charger,Source Sucree,"Nothirdchance
1948 鹿毛",Blue Swords,Galla Colors,"Bramalea
1959 黒鹿毛
[血統][産駒]","Nashua
1952 鹿毛",Nasrullah,Segula,"Rarelea
1949 鹿毛",Bull Lea,Bleebok,"Kelley's Day
1977 鹿毛
[血統][産駒]","Graustark
1963 栗毛
[血統][産駒]","Ribot
1952 鹿毛",Tenerani,Romanella,"Flower Bowl
1952 鹿毛",Alibhai,Flower Bed,"Golden Trail
1958 黒鹿毛
[血統][産駒]","Hasty Road
1951 鹿毛",Roman,Traffic Court,"Sunny Vale
1946 黒鹿毛",Eight Thirty,Sun Mixa,"ジョリーザザ
Jolie Zaza(愛)
1991 鹿毛
[血統][産駒]
FNo.[14]","Alzao
1980 鹿毛
[血統][産駒]","Lyphard
1969 鹿毛
[血統][産駒]","Northern Dancer
1961 鹿毛",Nearctic,Natalma,"Goofed
1960 栗毛",Court Martial,Barra,"Lady Rebecca
1971 鹿毛
[血統][産駒]","Sir Ivor
1965 鹿毛",Sir Gaylord,Attica,"Pocahontas
1955 黒鹿毛",Roman,How,"Bold Lady
1974 栗毛
[血統][産駒]","ボールドラツド
1962 栗毛
[血統][産駒]","Bold Ruler
1954 黒鹿毛",Nasrullah,Miss Disco,"Misty Morn
1952 鹿毛",Princequillo,Grey Flight,"Tredam
1966 栗毛
[血統][産駒]","High Treason
1951 栗毛",Court Martial,Eastern Grandeur,"Damasi
1953 栗毛",Djebel,Monrovia
19,1991108889,"ブライアンズタイム
Brian's Time(米)
1985 黒鹿毛
[血統][産駒]
Roberto系","Roberto
1969 鹿毛
[血統][産駒]","Hail to Reason
1958 黒鹿毛
[血統][産駒]","Turn-to
1951 鹿毛",Royal Charger,Source Sucree,"Nothirdchance
1948 鹿毛",Blue Swords,Galla Colors,"Bramalea
1959 黒鹿毛
[血統][産駒]","Nashua
1952 鹿毛",Nasrullah,Segula,"Rarelea
1949 鹿毛",Bull Lea,Bleebok,"Kelley's Day
1977 鹿毛
[血統][産駒]","Graustark
1963 栗毛
[血統][産駒]","Ribot
1952 鹿毛",Tenerani,Romanella,"Flower Bowl
1952 鹿毛",Alibhai,Flower Bed,"Golden Trail
1958 黒鹿毛
[血統][産駒]","Hasty Road
1951 鹿毛",Roman,Traffic Court,"Sunny Vale
1946 黒鹿毛",Eight Thirty,Sun Mixa,"パシフィカス
Pacificus(米)
1981 鹿毛
[血統][産駒]
FNo.[13-a]","Northern Dancer
1961 鹿毛
[血統][産駒]","Nearctic
1954 黒鹿毛
[血統][産駒]","Nearco
1935 黒鹿毛",Pharos,Nogara,"Lady Angela
1944 栗毛",Hyperion,Sister Sarah,"Natalma
1957 鹿毛
[血統][産駒]","Native Dancer
1950 芦毛",Polynesian,Geisha,"Almahmoud
1947 栗毛",Mahmoud,Arbitrator,"Pacific Princess
1973 鹿毛
[血統][産駒]","Damascus
1964 鹿毛
[血統][産駒]","Sword Dancer
1956 栗毛",Sunglow,Highland Fling,"Kerala
1958 鹿毛",My Babu,Blade of Time,"Fiji
1960 栗毛
[血統][産駒]","Acropolis
1952 栗毛",Donatello,Aurora,"Rififi
1954 栗毛",Mossborough,Khanum
20,2001103435,"ミラクルアドマイヤ
1995 鹿毛
[血統][産駒]
ゼダーン系","トニービン
Tony Bin(愛)
1983 鹿毛
[血統][産駒]","カンパラ
Kampala(英)
1976 黒鹿毛
[血統][産駒]","Kalamoun
1970 芦毛",ゼダーン,Khairunissa,"State Pension
1967 鹿毛",オンリーフォアライフ,Lorelei,"Severn Bridge
1965 栗毛
[血統][産駒]","Hornbeam
1953 栗毛",Hyperion,Thicket,"Priddy Fair
1956 鹿毛",Preciptic,Campanette,"バレークイーン
Ballet Queen(愛)
1988 鹿毛
[血統][産駒]","Sadler's Wells
(米)
1981 鹿毛
[血統][産駒]","Northern Dancer
1961 鹿毛",Nearctic,Natalma,"Fairy Bridge
1975 鹿毛",Bold Reason,Special,"Sun Princess
1980 鹿毛
[血統][産駒]","イングリッシュプリンス
1971 鹿毛",Petingo,English Miss,"Sunny Valley
1972 鹿毛",Val de Loir,Sunland,"ブリリアントベリー
1990 栗毛
[血統][産駒]
FNo.[9-a]","ノーザンテースト
Northern Taste(加)
1971 栗毛
[血統][産駒]","Northern Dancer
1961 鹿毛
[血統][産駒]","Nearctic
1954 黒鹿毛",Nearco,Lady Angela,"Natalma
1957 鹿毛",Native Dancer,Almahmoud,"Lady Victoria
1962 黒鹿毛
[血統][産駒]","Victoria Park
1957 鹿毛",Chop Chop,Victoriana,"Lady Angela
1944 栗毛",Hyperion,Sister Sarah,"クラフテイワイフ
Crafty Wife(米)
1985 栗毛
[血統][産駒]","Crafty Prospector
1979 栗毛
[血統][産駒]","Mr. Prospector
1970 鹿毛",Raise a Native,Gold Digger,"Real Crafty Lady
1975 栗毛",In Reality,Princess Roycraft,"Wife Mistress
1979 栗毛
[血統][産駒]","Secretariat
1970 栗毛",Bold Ruler,Somethingroyal,"Political Payoff
1969 栗毛",Buckpasser,Tiny Request
21,1996110113,"Bigstone
1990 鹿毛
[血統][産駒]
Northern Dancer系","ラストタイクーン
Last Tycoon(愛)
1983 黒鹿毛
[血統][産駒]","トライマイベスト
Try My Best(米)
1975 鹿毛
[血統][産駒]","Northern Dancer
1961 鹿毛",Nearctic,Natalma,"Sex Appeal
1970 栗毛",Buckpasser,Best in Show,"Mill Princess
1977 鹿毛
[血統][産駒]","Mill Reef
1968 鹿毛",Never Bend,Milan Mill,"Irish Lass
1962 鹿毛",Sayajirao,Scollata,"Batave
1982 栗毛
[血統][産駒]","ポツセ
Posse(米)
1977 栗毛
[血統][産駒]","Forli
1963 栗毛",Aristophanes,Trevisa,"In Hot Pursuit
1971 鹿毛",Bold Ruler,Lady Be Good,"Bon Appetit
1967 栗毛
[血統][産駒]","Major Portion
1955 栗毛",Court Martial,Better Half,"Sweet Solera
1958 栗毛",ソロナウェー,Miss Gammon,"プリンセスリーマ
Princess Reema(米)
1984 栗毛
[血統][産駒]
FNo.[4-p]","Affirmed
1975 栗毛
[血統][産駒]","Exclusive Native
1965 栗毛
[血統][産駒]","Raise a Native
1961 栗毛",Native Dancer,Raise You,"Exclusive
1953 栗毛",Shut Out,Good Example,"Won't Tell You
1962 鹿毛
[血統][産駒]","Crafty Admiral
1948 鹿毛",Fighting Fox,Admiral's Lady,"Scarlet Ribbon
1957 鹿毛",Volcanic,Native Valor,"First Fling
1977 黒鹿毛
[血統][産駒]","Nijinsky
1967 鹿毛
[血統][産駒]","Northern Dancer
1961 鹿毛",Nearctic,Natalma,"Flaming Page
1959 鹿毛",Bull Page,Flaring Top,"Fast Approach
1970 鹿毛
[血統][産駒]","First Landing
1956 鹿毛",Turn-to,Hildene,"Pinny Gray
1958 芦毛",Palestine,Pin Up Girl
22,1985102167,"ダンシングキャップ
Dancing Cap(米)
1968 芦毛
[血統][産駒]
Native Dancer系","Native Dancer
1950 芦毛
[血統][産駒]","Polynesian
1942 黒鹿毛
[血統][産駒]","Unbreakable
1935 青毛",Sickle,Blue Glass,"Black Polly
1936 鹿毛",Polymelian,Black Queen,"Geisha
1943 芦毛
[血統][産駒]","Discovery
1931 栗毛",Display,Ariadne,"Miyako
1935 芦毛",John P. Grier,La Chica,"Merry Madcap
1962 黒鹿毛
[血統][産駒]","Grey Sovereign
1948 芦毛
[血統][産駒]","Nasrullah
1940 鹿毛",Nearco,Mumtaz Begum,"Kong
1933 芦毛",Baytown,Clang,"Croft Lady
1958 栗毛
[血統][産駒]","Golden Cloud
1941 栗毛",Gold Bridge,Rainstorm,"Land of Hope
1950 黒鹿毛",Court Martial,Little Britain,"ホワイトナルビー
1974 芦毛
[血統][産駒]
FNo.[7-d]","シルバーシャーク
1963 芦毛
[血統][産駒]","Buisson Ardent
1953 鹿毛
[血統][産駒]","Relic
1945 青毛",War Relic,Bridal Colors,"Rose O'Lynn
1944 鹿毛",Pherozshah,Rocklyn,"Palsaka
1954 芦毛
[血統][産駒]","Palestine
1947 芦毛",Fair Trial,Una,"Masaka
1945 鹿毛",Nearco,Majideh,"ネヴアーナルビー
1969 黒鹿毛
[血統][産駒]","ネヴァービート
Never Beat(英)
1960 栃栗毛
[血統][産駒]","Never Say Die
1951 栗毛",Nasrullah,Singing Grass,"Bride Elect
1952 鹿毛",Big Game,Netherton Maid,"センジユウ
1963 黒鹿毛
[血統][産駒]","ガーサント
1949 鹿毛",Bubbles,Montagnana,"スターナルビー
1957 黒鹿毛",ハロウエー,クインナルビー
23,2006106794,"カリズマティック
Charismatic(米)
1996 栗毛
[血統][産駒]
Storm Bird系","Summer Squall
1987 鹿毛
[血統][産駒]","Storm Bird
1978 鹿毛
[血統][産駒]","Northern Dancer
1961 鹿毛",Nearctic,Natalma,"South Ocean
1967 鹿毛",New Providence,Shining Sun,"Weekend Surprise
1980 鹿毛
[血統][産駒]","Secretariat
1970 栗毛",Bold Ruler,Somethingroyal,"Lassie Dear
1974 鹿毛",Buckpasser,Gay Missile,"Bali Babe
1980 栗毛
[血統][産駒]","Drone
1966 芦毛
[血統][産駒]","Sir Gaylord
1959 黒鹿毛",Turn-to,Somethingroyal,"Cap and Bells
1958 芦毛",Tom Fool,Ghazni,"Polynesian Charm
1972 鹿毛
[血統][産駒]","What a Pleasure
1965 栗毛",Bold Ruler,Grey Flight,"Grass Shack
1951 青毛",Polynesian,Good Example,"ワンダーヘリテージ
1995 黒鹿毛
[血統][産駒]","Pleasant Tap
1987 鹿毛
[血統][産駒]","Pleasant Colony
1978 黒鹿毛
[血統][産駒]","His Majesty
1968 鹿毛",Ribot,Flower Bowl,"Sun Colony
1968 鹿毛",Sunrise Flight,Colonia,"Never Knock
1979 黒鹿毛
[血統][産駒]","Stage Door Johnny
1965 栗毛",Prince John,Peroxide Blonde,"Never Hula
1969 黒鹿毛",Never Bend,Hula Hula,"Casa Petrone
1984 鹿毛
[血統][産駒]","Petrone
1964 鹿毛
[血統][産駒]","Prince Taj
1954 鹿毛",Prince Bio,Malindi,"Wild Miss
1952 鹿毛",Wild Risk,Salome,"Grand Tania
1978 鹿毛
[血統][産駒]","Grand Central
1961 鹿毛",Hasty Road,Aunt Jinny,"Good Hart
1974 黒鹿毛",Creme dela Creme,Secret Retreat
24,1999107052,"ティンバーカントリー
Timber Country(米)
1992 栗毛
[血統][産駒]
Mr. Prospector系","Woodman
1983 栗毛
[血統][産駒]","Mr. Prospector
1970 鹿毛
[血統][産駒]","Raise a Native
1961 栗毛",Native Dancer,Raise You,"Gold Digger
1962 鹿毛",Nashua,Sequence,"プレイメイト
Playmate(米)
1975 栗毛
[血統][産駒]","Buckpasser
1963 鹿毛",Tom Fool,Busanda,"Intriguing
1964 栗毛",Swaps,Glamour,"Fall Aspen
1976 栗毛
[血統][産駒]","Pretense
1963 黒鹿毛
[血統][産駒]","Endeavour
1942 鹿毛",British Empire,Himalaya,"Imitation
1951 栗毛",Hyperion,Flattery,"Change Water
1969 栗毛
[血統][産駒]","Swaps
1952 栗毛",Khaled,Iron Reward,"Portage
1952 鹿毛",War Admiral,Carillon,"ベガ
1990 鹿毛
[血統][産駒]
FNo.[9-f]","トニービン
Tony Bin(愛)
1983 鹿毛
[血統][産駒]","カンパラ
Kampala(英)
1976 黒鹿毛
[血統][産駒]","Kalamoun
1970 芦毛",ゼダーン,Khairunissa,"State Pension
1967 鹿毛",オンリーフォアライフ,Lorelei,"Severn Bridge
1965 栗毛
[血統][産駒]","Hornbeam
1953 栗毛",Hyperion,Thicket,"Priddy Fair
1956 鹿毛",Preciptic,Campanette,"アンティックヴァリュー
Antique Value(米)
1979 鹿毛
[血統][産駒]","Northern Dancer
1961 鹿毛
[血統][産駒]","Nearctic
1954 黒鹿毛",Nearco,Lady Angela,"Natalma
1957 鹿毛",Native Dancer,Almahmoud,"Moonscape
1967 鹿毛
[血統][産駒]","Tom Fool
1949 鹿毛",Menow,Gaga,"Brazen
1961 黒鹿毛",Bold Ruler,Amoret
25,2013106101,"ディープインパクト
2002 鹿毛
[血統][産駒]
Halo系","サンデーサイレンス
Sunday Silence(米)
1986 青鹿毛
[血統][産駒]","Halo
1969 黒鹿毛
[血統][産駒]","Hail to Reason
1958 黒鹿毛",Turn-to,Nothirdchance,"Cosmah
1953 鹿毛",Cosmic Bomb,Almahmoud,"Wishing Well
1975 鹿毛
[血統][産駒]","Understanding
1963 栗毛",Promised Land,Pretty Ways,"Mountain Flower
1964 鹿毛",Montparnasse,Edelweiss,"ウインドインハーヘア
Wind in Her Hair(愛)
1991 鹿毛
[血統][産駒]","Alzao
1980 鹿毛
[血統][産駒]","Lyphard
1969 鹿毛",Northern Dancer,Goofed,"Lady Rebecca
1971 鹿毛",Sir Ivor,Pocahontas,"Burghclere
1977 鹿毛
[血統][産駒]","Busted
1963 栗毛",Crepello,Sans le Sou,"Highclere
1971 鹿毛",Queen's Hussar,Highlight,"マルペンサ
Malpensa(亜)
2006 鹿毛
[血統][産駒]","Orpen
1996 鹿毛
[血統][産駒]","Lure
1989 鹿毛
[血統][産駒]","Danzig
1977 鹿毛",Northern Dancer,Pas de Nom,"Endear
1982 鹿毛",Alydar,Chappaquiddick,"Bonita Francita
1987 鹿毛
[血統][産駒]","Devil's Bag
1981 鹿毛",Halo,Ballade,"Raise the Standard
1978 鹿毛",Hoist the Flag,Natalma,"Marsella
1997 黒鹿毛
[血統][産駒]","サザンヘイロー
Southern Halo(米)
1983 鹿毛
[血統][産駒]","Halo
1969 黒鹿毛",Hail to Reason,Cosmah,"Northern Sea
1974 鹿毛",Northern Dancer,Sea Saga,"Riviere
1978 栗毛
[血統][産駒]","Logical
1972 鹿毛",Buckpasser,Smart Deb,"Talonada
1958 栗毛",Tatan,Ravana
26,2004102753,"ステイゴールド
1994 黒鹿毛
[血統][産駒]
Halo系","サンデーサイレンス
Sunday Silence(米)
1986 青鹿毛
[血統][産駒]","Halo
1969 黒鹿毛
[血統][産駒]","Hail to Reason
1958 黒鹿毛",Turn-to,Nothirdchance,"Cosmah
1953 鹿毛",Cosmic Bomb,Almahmoud,"Wishing Well
1975 鹿毛
[血統][産駒]","Understanding
1963 栗毛",Promised Land,Pretty Ways,"Mountain Flower
1964 鹿毛",Montparnasse,Edelweiss,"ゴールデンサッシュ
1988 栗毛
[血統][産駒]","ディクタス
Dictus(仏)
1967 栗毛
[血統][産駒]","Sanctus
1960 黒鹿毛",Fine Top,Sanelta,"Doronic
1960 栗毛",Worden,Dulzetta,"ダイナサッシュ
1979 鹿毛
[血統][産駒]","ノーザンテースト
1971 栗毛",Northern Dancer,Lady Victoria,"ロイヤルサッシュ
1966 鹿毛",Princely Gift,Sash of Honour,"オリエンタルアート
1997 栗毛
[血統][産駒]
FNo.[8-c]","メジロマックイーン
1987 芦毛
[血統][産駒]","メジロティターン
1978 芦毛
[血統][産駒]","メジロアサマ
1966 芦毛",パーソロン,スヰート,"シエリル
1971 鹿毛",スノッブ,Chanel,"メジロオーロラ
1978 栗毛
[血統][産駒]","リマンド
1965 栗毛",Alcide,Admonish,"メジロアイリス
1964 黒鹿毛",ヒンドスタン,アサマユリ,"エレクトロアート
1986 栗毛
[血統][産駒]","ノーザンテースト
Northern Taste(加)
1971 栗毛
[血統][産駒]","Northern Dancer
1961 鹿毛",Nearctic,Natalma,"Lady Victoria
1962 黒鹿毛",Victoria Park,Lady Angela,"グランマスティーヴンス
Grandma Stevens(米)
1977 栗毛
[血統][産駒]","Lt. Stevens
1961 鹿毛",Nantallah,Rough Shod,"Dhow
1968 芦毛",Bronze Babu,Coastal Trade
27,2004106867,"ブライアンズタイム
Brian's Time(米)
1985 黒鹿毛
[血統][産駒]
Roberto系","Roberto
1969 鹿毛
[血統][産駒]","Hail to Reason
1958 黒鹿毛
[血統][産駒]","Turn-to
1951 鹿毛",Royal Charger,Source Sucree,"Nothirdchance
1948 鹿毛",Blue Swords,Galla Colors,"Bramalea
1959 黒鹿毛
[血統][産駒]","Nashua
1952 鹿毛",Nasrullah,Segula,"Rarelea
1949 鹿毛",Bull Lea,Bleebok,"Kelley's Day
1977 鹿毛
[血統][産駒]","Graustark
1963 栗毛
[血統][産駒]","Ribot
1952 鹿毛",Tenerani,Romanella,"Flower Bowl
1952 鹿毛",Alibhai,Flower Bed,"Golden Trail
1958 黒鹿毛
[血統][産駒]","Hasty Road
1951 鹿毛",Roman,Traffic Court,"Sunny Vale
1946 黒鹿毛",Eight Thirty,Sun Mixa,"ファーザ
Fursa(米)
1995 栗毛
[血統][産駒]
FNo.[4-n]","Mr. Prospector
1970 鹿毛
[血統][産駒]","Raise a Native
1961 栗毛
[血統][産駒]","Native Dancer
1950 芦毛",Polynesian,Geisha,"Raise You
1946 栗毛",Case Ace,Lady Glory,"Gold Digger
1962 鹿毛
[血統][産駒]","Nashua
1952 鹿毛",Nasrullah,Segula,"Sequence
1946 鹿毛",Count Fleet,Miss Dogwood,"Baya
1990 栗毛
[血統][産駒]","Nureyev
1977 鹿毛
[血統][産駒]","Northern Dancer
1961 鹿毛",Nearctic,Natalma,"Special
1969 鹿毛",Forli,Thong,"Barger
1983 鹿毛
[血統][産駒]","Riverman
1969 鹿毛",Never Bend,River Lady,"Trillion
1974 鹿毛",Hail to Reason,Margarethen
28,1994108411,"メジロライアン
1987 鹿毛
[血統][産駒]
ノーザンテースト系","アンバーシャダイ
1977 鹿毛
[血統][産駒]","ノーザンテースト
Northern Taste(加)
1971 栗毛
[血統][産駒]","Northern Dancer
1961 鹿毛",Nearctic,Natalma,"Lady Victoria
1962 黒鹿毛",Victoria Park,Lady Angela,"クリアアンバー
Clear Amber(米)
1967 黒鹿毛
[血統][産駒]","Ambiopoise
1958 黒鹿毛",Ambiorix,Bull Poise,"One Clear Call
1960 鹿毛",Gallant Man,Europa,"メジロチェイサー
1977 鹿毛
[血統][産駒]","メジロサンマン
1963 鹿毛
[血統][産駒]","Charlottesville
1957 鹿毛",Prince Chevalier,Noorani,"パラデイシア
1957 鹿毛",Aureole,Chenille,"シエリル
Cheryl(仏)
1971 鹿毛
[血統][産駒]","スノッブ
1959 鹿毛",Mourne,Senones,"Chanel
1961 鹿毛",Pan,Barley Corn,"レールデュタン
1982 鹿毛
[血統][産駒]
FNo.[4-r]","マルゼンスキー
1974 鹿毛
[血統][産駒]","Nijinsky
1967 鹿毛
[血統][産駒]","Northern Dancer
1961 鹿毛",Nearctic,Natalma,"Flaming Page
1959 鹿毛",Bull Page,Flaring Top,"シル
Shill(米)
1970 鹿毛
[血統][産駒]","Buckpasser
1963 鹿毛",Tom Fool,Busanda,"Quill
1956 栗毛",Princequillo,Quick Touch,"ケイツナミ
1974 鹿毛
[血統][産駒]","ラディガ
Ladiga(米)
1969 鹿毛
[血統][産駒]","Graustark
1963 栗毛",Ribot,Flower Bowl,"Celia
1960 黒鹿毛",Swaps,Pocahontas,"ハイビスカス
1964 鹿毛
[血統][産駒]","アドミラルバード
1952 黒鹿毛",Nearco,Woodlark,"キクジユヒメ
1955 栗毛",トシシロ,マリオン
29,1992107625,"クリスタルグリッターズ
Crystal Glitters(米)
1980 鹿毛
[血統][産駒]
Blushing Groom系","Blushing Groom
(仏)
1974 栗毛
[血統][産駒]","Red God
1954 栗毛
[血統][産駒]","Nasrullah
1940 鹿毛",Nearco,Mumtaz Begum,"Spring Run
1948 鹿毛",Menow,Boola Brook,"Runaway Bride
1962 鹿毛
[血統][産駒]","Wild Risk
1940 鹿毛",Rialto,Wild Violet,"Aimee
1957 鹿毛",Tudor Minstrel,Emali,"Tales to Tell
1967 鹿毛
[血統][産駒]","Donut King
1959 黒鹿毛
[血統][産駒]","Determine
1951 芦毛",Alibhai,Koubis,"Strayed
1945 黒鹿毛",Bull Dog,Misleading,"Fleeting Doll
1961 鹿毛
[血統][産駒]","Fleet Nasrullah
1955 鹿毛",Nasrullah,Happy Go Fleet,"Chinese Doll
1949 鹿毛",Silver Horde,Chinese Sis,"バンシユーウエー
1982 鹿毛
[血統][産駒]
FNo.[2-i]","ペール
The Pale(愛)
1968 鹿毛
[血統][産駒]","Milesian
1953 鹿毛
[血統][産駒]","My Babu
1945 鹿毛",Djebel,Perfume,"Oatflake
1942 鹿毛",Coup de Lyon,Avena,"Paleo
1953 鹿毛
[血統][産駒]","Pharis
1936 黒鹿毛",Pharos,Carissima,"Calonice
1940 栗毛",Abjer,Coronis,"ポーロニアユミコ
1978 鹿毛
[血統][産駒]","プロント
Prompt(仏)
1963 鹿毛
[血統][産駒]","Prince Taj
1954 鹿毛",Prince Bio,Malindi,"La Caravelle
1959 鹿毛",Worden,Barquerolle,"ミスオリオンの弐
1964 鹿毛
[血統][産駒]","ヒンドスタン
1946 黒鹿毛",Bois Roussel,Sonibai,"ヒバナ
1954 栗毛",Panorama,ウオーターミユージツク
30,1990103355,"シャルード
Sharrood(米)
1983 芦毛
[血統][産駒]
Caro系","Caro
1967 芦毛
[血統][産駒]","フォルティノ
1959 芦毛
[血統][産駒]","Grey Sovereign
1948 芦毛",Nasrullah,Kong,"Ranavalo
1954 鹿毛",Relic,Navarra,"Chambord
1955 栗毛
[血統][産駒]","Chamossaire
1942 栗毛",Precipitation,Snowberry,"Life Hill
1940 鹿毛",Solario,Lady of the Snows,"Angel Island
1976 黒鹿毛
[血統][産駒]","Cougar
1966 黒鹿毛
[血統][産駒]","Tale of Two Cities
1951 鹿毛",Tehran,Merida,"Cindy Lou
1955 栗毛",Madara,Maria Bonita,"Who's to Know
1970 鹿毛
[血統][産駒]","Fleet Nasrullah
1955 鹿毛",Nasrullah,Happy Go Fleet,"Masked Lady
1964 鹿毛",Spy Song,Spinosa,"パシフィカス
Pacificus(米)
1981 鹿毛
[血統][産駒]
FNo.[13-a]","Northern Dancer
1961 鹿毛
[血統][産駒]","Nearctic
1954 黒鹿毛
[血統][産駒]","Nearco
1935 黒鹿毛",Pharos,Nogara,"Lady Angela
1944 栗毛",Hyperion,Sister Sarah,"Natalma
1957 鹿毛
[血統][産駒]","Native Dancer
1950 芦毛",Polynesian,Geisha,"Almahmoud
1947 栗毛",Mahmoud,Arbitrator,"Pacific Princess
1973 鹿毛
[血統][産駒]","Damascus
1964 鹿毛
[血統][産駒]","Sword Dancer
1956 栗毛",Sunglow,Highland Fling,"Kerala
1958 鹿毛",My Babu,Blade of Time,"Fiji
1960 栗毛
[血統][産駒]","Acropolis
1952 栗毛",Donatello,Aurora,"Rififi
1954 栗毛",Mossborough,Khanum
31,2002100978,"フジキセキ
1992 青鹿毛
[血統][産駒]
Halo系","サンデーサイレンス
Sunday Silence(米)
1986 青鹿毛
[血統][産駒]","Halo
1969 黒鹿毛
[血統][産駒]","Hail to Reason
1958 黒鹿毛",Turn-to,Nothirdchance,"Cosmah
1953 鹿毛",Cosmic Bomb,Almahmoud,"Wishing Well
1975 鹿毛
[血統][産駒]","Understanding
1963 栗毛",Promised Land,Pretty Ways,"Mountain Flower
1964 鹿毛",Montparnasse,Edelweiss,"ミルレーサー
Millracer(米)
1983 鹿毛
[血統][産駒]","Le Fabuleux
1961 鹿毛
[血統][産駒]","Wild Risk
1940 鹿毛",Rialto,Wild Violet,"Anguar
1950 鹿毛",Verso,La Rochelle,"Marston's Mill
1975 黒鹿毛
[血統][産駒]","In Reality
1964 鹿毛",Intentionally,My Dear Girl,"Millicent
1969 鹿毛",Cornish Prince,Milan Mill,"ライフアウトゼア
Life Out There(米)
1992 栗毛
[血統][産駒]
FNo.[2-s]","Deputy Minister
1979 黒鹿毛
[血統][産駒]","Vice Regent
1967 栗毛
[血統][産駒]","Northern Dancer
1961 鹿毛",Nearctic,Natalma,"Victoria Regina
1958 栗毛",Menetrier,Victoriana,"Mint Copy
1970 黒鹿毛
[血統][産駒]","Bunty's Flight
1953 鹿毛",Bunty Lawless,Broomflight,"Shakney
1964 黒鹿毛",Jabneh,Grass Shack,"Silver Valley
1979 栗毛
[血統][産駒]","Mr. Prospector
1970 鹿毛
[血統][産駒]","Raise a Native
1961 栗毛",Native Dancer,Raise You,"Gold Digger
1962 鹿毛",Nashua,Sequence,"Seven Valleys
1972 栗毛
[血統][産駒]","Road At Sea
1964 黒鹿毛",Bald Eagle,Hard-a-Lee,"Proud Pied
1966 鹿毛",Seven Corners,Ancient History
32,1992102988,"ブライアンズタイム
Brian's Time(米)
1985 黒鹿毛
[血統][産駒]
Roberto系","Roberto
1969 鹿毛
[血統][産駒]","Hail to Reason
1958 黒鹿毛
[血統][産駒]","Turn-to
1951 鹿毛",Royal Charger,Source Sucree,"Nothirdchance
1948 鹿毛",Blue Swords,Galla Colors,"Bramalea
1959 黒鹿毛
[血統][産駒]","Nashua
1952 鹿毛",Nasrullah,Segula,"Rarelea
1949 鹿毛",Bull Lea,Bleebok,"Kelley's Day
1977 鹿毛
[血統][産駒]","Graustark
1963 栗毛
[血統][産駒]","Ribot
1952 鹿毛",Tenerani,Romanella,"Flower Bowl
1952 鹿毛",Alibhai,Flower Bed,"Golden Trail
1958 黒鹿毛
[血統][産駒]","Hasty Road
1951 鹿毛",Roman,Traffic Court,"Sunny Vale
1946 黒鹿毛",Eight Thirty,Sun Mixa,"アルプミープリーズ
Alp Me Please(米)
1981 栗毛
[血統][産駒]
FNo.[14-a]","Blushing Groom
(仏)
1974 栗毛
[血統][産駒]","Red God
1954 栗毛
[血統][産駒]","Nasrullah
1940 鹿毛",Nearco,Mumtaz Begum,"Spring Run
1948 鹿毛",Menow,Boola Brook,"Runaway Bride
1962 鹿毛
[血統][産駒]","Wild Risk
1940 鹿毛",Rialto,Wild Violet,"Aimee
1957 鹿毛",Tudor Minstrel,Emali,"Swiss
1974 栗毛
[血統][産駒]","Vaguely Noble
1965 鹿毛
[血統][産駒]","ヴィエナ
1957 栗毛",Aureole,Turkish Blood,"Noble Lassie
1956 鹿毛",Nearco,Belle Sauvage,"Gala Host
1962 栗毛
[血統][産駒]","My Host
1948 芦毛",Alibhai,Boudoir,"Huspah
1953 栗毛",Shut Out,Risolater
33,2010104298,"キングカメハメハ
2001 鹿毛
[血統][産駒]
Raise a Native系","Kingmambo
(米)
1990 鹿毛
[血統][産駒]","Mr. Prospector
1970 鹿毛
[血統][産駒]","Raise a Native
1961 栗毛",Native Dancer,Raise You,"Gold Digger
1962 鹿毛",Nashua,Sequence,"Miesque
1984 鹿毛
[血統][産駒]","Nureyev
1977 鹿毛",Northern Dancer,Special,"Pasadoble
1979 鹿毛",Prove Out,Santa Quilla,"マンファス
Manfath(愛)
1991 黒鹿毛
[血統][産駒]","ラストタイクーン
Last Tycoon(愛)
1983 黒鹿毛
[血統][産駒]","トライマイベスト
1975 鹿毛",Northern Dancer,Sex Appeal,"Mill Princess
1977 鹿毛",Mill Reef,Irish Lass,"Pilot Bird
1983 鹿毛
[血統][産駒]","Blakeney
1966 鹿毛",Hethersett,Windmill Girl,"The Dancer
1977 鹿毛",Green Dancer,Khazaeen,"ポップコーンジャズ
2000 鹿毛
[血統][産駒]
FNo.[19]","ダンスインザダーク
1993 鹿毛
[血統][産駒]","サンデーサイレンス
Sunday Silence(米)
1986 青鹿毛
[血統][産駒]","Halo
1969 黒鹿毛",Hail to Reason,Cosmah,"Wishing Well
1975 鹿毛",Understanding,Mountain Flower,"ダンシングキイ
1983 鹿毛
[血統][産駒]","Nijinsky
1967 鹿毛",Northern Dancer,Flaming Page,"Key Partner
1976 黒鹿毛",Key to the Mint,Native Partner,"グレイスルーマー
1994 栗毛
[血統][産駒]","トニービン
Tony Bin(愛)
1983 鹿毛
[血統][産駒]","カンパラ
1976 黒鹿毛",Kalamoun,State Pension,"Severn Bridge
1965 栗毛",Hornbeam,Priddy Fair,"ディスクジョッキー
1990 栗毛
[血統][産駒]","リアルシャダイ
1979 黒鹿毛",Roberto,Desert Vixen,"シャダイチャッター
1980 栗毛",ノーザンテースト,ペルースポート
34,2003110212,"フジキセキ
1992 青鹿毛
[血統][産駒]
Halo系","サンデーサイレンス
Sunday Silence(米)
1986 青鹿毛
[血統][産駒]","Halo
1969 黒鹿毛
[血統][産駒]","Hail to Reason
1958 黒鹿毛",Turn-to,Nothirdchance,"Cosmah
1953 鹿毛",Cosmic Bomb,Almahmoud,"Wishing Well
1975 鹿毛
[血統][産駒]","Understanding
1963 栗毛",Promised Land,Pretty Ways,"Mountain Flower
1964 鹿毛",Montparnasse,Edelweiss,"ミルレーサー
Millracer(米)
1983 鹿毛
[血統][産駒]","Le Fabuleux
1961 鹿毛
[血統][産駒]","Wild Risk
1940 鹿毛",Rialto,Wild Violet,"Anguar
1950 鹿毛",Verso,La Rochelle,"Marston's Mill
1975 黒鹿毛
[血統][産駒]","In Reality
1964 鹿毛",Intentionally,My Dear Girl,"Millicent
1969 鹿毛",Cornish Prince,Milan Mill,"ケルトシャーン
Keltshaan(米)
1994 鹿毛
[血統][産駒]
FNo.[14]","Pleasant Colony
1978 黒鹿毛
[血統][産駒]","His Majesty
1968 鹿毛
[血統][産駒]","Ribot
1952 鹿毛",Tenerani,Romanella,"Flower Bowl
1952 鹿毛",Alibhai,Flower Bed,"Sun Colony
1968 鹿毛
[血統][産駒]","Sunrise Flight
1959 黒鹿毛",Double Jay,Misty Morn,"Colonia
1959 鹿毛",Cockrullah,Nalga,"Featherhill
1978 鹿毛
[血統][産駒]","Lyphard
1969 鹿毛
[血統][産駒]","Northern Dancer
1961 鹿毛",Nearctic,Natalma,"Goofed
1960 栗毛",Court Martial,Barra,"Lady Berry
1970 栗毛
[血統][産駒]","Violon d'Ingres
1959 鹿毛",Tourment,Flute Enchantee,"Moss Rose
1963 栗毛",Mossborough,Damasi
35,1994108729,"サンデーサイレンス
Sunday Silence(米)
1986 青鹿毛
[血統][産駒]
Halo系","Halo
1969 黒鹿毛
[血統][産駒]","Hail to Reason
1958 黒鹿毛
[血統][産駒]","Turn-to
1951 鹿毛",Royal Charger,Source Sucree,"Nothirdchance
1948 鹿毛",Blue Swords,Galla Colors,"Cosmah
1953 鹿毛
[血統][産駒]","Cosmic Bomb
1944 黒鹿毛",Pharamond,Banish Fear,"Almahmoud
1947 栗毛",Mahmoud,Arbitrator,"Wishing Well
1975 鹿毛
[血統][産駒]","Understanding
1963 栗毛
[血統][産駒]","Promised Land
1954 芦毛",Palestinian,Mahmoudess,"Pretty Ways
1953 黒鹿毛",Stymie,Pretty Jo,"Mountain Flower
1964 鹿毛
[血統][産駒]","Montparnasse
1956",Gulf Stream,Mignon,"Edelweiss
1959 鹿毛",Hillary,Dowager,"ゴールデンサッシュ
1988 栗毛
[血統][産駒]
FNo.[1-t]","ディクタス
Dictus(仏)
1967 栗毛
[血統][産駒]","Sanctus
1960 黒鹿毛
[血統][産駒]","Fine Top
1949 黒鹿毛",Fine Art,Toupie,"Sanelta
1954 鹿毛",Tourment,Satanella,"Doronic
1960 栗毛
[血統][産駒]","Worden
1949 栗毛",Wild Risk,Sans Tares,"Dulzetta
1954 栗毛",Bozzetto,Dulcimer,"ダイナサッシュ
1979 鹿毛
[血統][産駒]","ノーザンテースト
Northern Taste(加)
1971 栗毛
[血統][産駒]","Northern Dancer
1961 鹿毛",Nearctic,Natalma,"Lady Victoria
1962 黒鹿毛",Victoria Park,Lady Angela,"ロイヤルサッシュ
Royal Sash(英)
1966 鹿毛
[血統][産駒]","Princely Gift
1951 鹿毛",Nasrullah,Blue Gem,"Sash of Honour
1957 栗毛",Prince Chevalier,Sylko
36,1995101039,"アサティス
Assatis(米)
1985 鹿毛
[血統][産駒]
Northern Dancer系","Topsider
1974 鹿毛
[血統][産駒]","Northern Dancer
1961 鹿毛
[血統][産駒]","Nearctic
1954 黒鹿毛",Nearco,Lady Angela,"Natalma
1957 鹿毛",Native Dancer,Almahmoud,"Drumtop
1966 鹿毛
[血統][産駒]","Round Table
1954 鹿毛",Princequillo,Knights Daughter,"Zonah
1958 鹿毛",Nasrullah,Gambetta,"Secret Asset
1977 鹿毛
[血統][産駒]","Graustark
1963 栗毛
[血統][産駒]","Ribot
1952 鹿毛",Tenerani,Romanella,"Flower Bowl
1952 鹿毛",Alibhai,Flower Bed,"Numbered Account
1969 鹿毛
[血統][産駒]","Buckpasser
1963 鹿毛",Tom Fool,Busanda,"Intriguing
1964 栗毛",Swaps,Glamour,"サンヨウアロー
1988 鹿毛
[血統][産駒]
FNo.[11-f]","ミスターシービー
1980 黒鹿毛
[血統][産駒]","トウショウボーイ
1973 鹿毛
[血統][産駒]","テスコボーイ
1963 黒鹿毛",Princely Gift,Suncourt,"ソシアルバターフライ
1957 鹿毛",Your Host,Wisteria,"シービークイン
1973 黒鹿毛
[血統][産駒]","トピオ
1964 黒鹿毛",Fine Top,Deliriosa,"メイドウ
1965 鹿毛",アドミラルバード,メイワ,"タニイチパワー
1981 黒鹿毛
[血統][産駒]","ネヴァービート
Never Beat(英)
1960 栃栗毛
[血統][産駒]","Never Say Die
1951 栗毛",Nasrullah,Singing Grass,"Bride Elect
1952 鹿毛",Big Game,Netherton Maid,"ロングパワー
1967 鹿毛
[血統][産駒]","ヒンドスタン
1946 黒鹿毛",Bois Roussel,Sonibai,"マーシユメドウ
1956 芦毛",Grey Sovereign,May Meadow
37,2007102951,"キングズベスト
King's Best(米)
1997 鹿毛
[血統][産駒]
Mr. Prospector系","Kingmambo
(米)
1990 鹿毛
[血統][産駒]","Mr. Prospector
1970 鹿毛
[血統][産駒]","Raise a Native
1961 栗毛",Native Dancer,Raise You,"Gold Digger
1962 鹿毛",Nashua,Sequence,"Miesque
1984 鹿毛
[血統][産駒]","Nureyev
1977 鹿毛",Northern Dancer,Special,"Pasadoble
1979 鹿毛",Prove Out,Santa Quilla,"Allegretta
1978 栗毛
[血統][産駒]","Lombard
1967 栗毛
[血統][産駒]","Agio
1955 鹿毛",Tantieme,Aralia,"Promised Lady
1961 栗毛",Prince Chevalier,Belle Sauvage,"Anatevka
1969 栗毛
[血統][産駒]","Espresso
1958 栗毛",Acropolis,Babylon,"Almyra
1962 栗毛",Birkhahn,Alameda,"ムーンレディ
Moonlady(独)
1997 黒鹿毛
[血統][産駒]
FNo.[8-a]","プラティニ
Platini(独)
1989 栗毛
[血統][産駒]","Surumu
1974 栗毛
[血統][産駒]","Literat
1965 鹿毛",Birkhahn,Lis,"Surama
1970 青毛",Reliance,Suncourt,"Prairie Darling
1984 栗毛
[血統][産駒]","Stanford
1976 栗毛",Red God,Sweet Almond,"Prairie Belle
1976 栗毛",Northfields,Prairie Beauty,"Midnight Fever
1991 鹿毛
[血統][産駒]","Sure Blade
1983 鹿毛
[血統][産駒]","Kris
1976 栗毛",Sharpen Up,Doubly Sure,"Double Lock
1975 鹿毛",Home Guard,St. Padina,"Majoritat
1984 黒鹿毛
[血統][産駒]","Konigsstuhl
1976 青毛",Dschingis Khan,Konigskronung,"Monacchia
1974 青毛",Bacchus,Monacensia
38,2011103565,"フジキセキ
1992 青鹿毛
[血統][産駒]
Halo系","サンデーサイレンス
Sunday Silence(米)
1986 青鹿毛
[血統][産駒]","Halo
1969 黒鹿毛
[血統][産駒]","Hail to Reason
1958 黒鹿毛",Turn-to,Nothirdchance,"Cosmah
1953 鹿毛",Cosmic Bomb,Almahmoud,"Wishing Well
1975 鹿毛
[血統][産駒]","Understanding
1963 栗毛",Promised Land,Pretty Ways,"Mountain Flower
1964 鹿毛",Montparnasse,Edelweiss,"ミルレーサー
Millracer(米)
1983 鹿毛
[血統][産駒]","Le Fabuleux
1961 鹿毛
[血統][産駒]","Wild Risk
1940 鹿毛",Rialto,Wild Violet,"Anguar
1950 鹿毛",Verso,La Rochelle,"Marston's Mill
1975 黒鹿毛
[血統][産駒]","In Reality
1964 鹿毛",Intentionally,My Dear Girl,"Millicent
1969 鹿毛",Cornish Prince,Milan Mill,"イスラコジーン
Isla Cozzene(米)
2002 鹿毛
[血統][産駒]
FNo.[4-n]","Cozzene
1980 芦毛
[血統][産駒]","Caro
1967 芦毛
[血統][産駒]","フォルティノ
1959 芦毛",Grey Sovereign,Ranavalo,"Chambord
1955 栗毛",Chamossaire,Life Hill,"Ride the Trails
1971 鹿毛
[血統][産駒]","Prince John
1953 栗毛",Princequillo,Not Afraid,"Wildwook
1965 鹿毛",Sir Gaylord,Blue Canoe,"Isla Mujeres
1995 鹿毛
[血統][産駒]","Crafty Prospector
1979 栗毛
[血統][産駒]","Mr. Prospector
1970 鹿毛",Raise a Native,Gold Digger,"Real Crafty Lady
1975 栗毛",In Reality,Princess Roycraft,"Lido Isle
1980 黒鹿毛
[血統][産駒]","Far North
1973 鹿毛",Northern Dancer,Fleur,"She Is Gorgeous
1968 鹿毛",Drop Volley,Gorgeous Gay
39,2011105266,"スクリーンヒーロー
2004 栗毛
[血統][産駒]
Roberto系","グラスワンダー
1995 栗毛
[血統][産駒]","Silver Hawk
1979 鹿毛
[血統][産駒]","Roberto
1969 鹿毛",Hail to Reason,Bramalea,"Gris Vitesse
1966 芦毛",Amerigo,Matchiche,"Ameriflora
1989 鹿毛
[血統][産駒]","Danzig
1977 鹿毛",Northern Dancer,Pas de Nom,"Graceful Touch
1978 鹿毛",His Majesty,Pi Phi Gal,"ランニングヒロイン
1993 鹿毛
[血統][産駒]","サンデーサイレンス
Sunday Silence(米)
1986 青鹿毛
[血統][産駒]","Halo
1969 黒鹿毛",Hail to Reason,Cosmah,"Wishing Well
1975 鹿毛",Understanding,Mountain Flower,"ダイナアクトレス
1983 鹿毛
[血統][産駒]","ノーザンテースト
1971 栗毛",Northern Dancer,Lady Victoria,"モデルスポート
1975 黒鹿毛",モデルフール,マジックゴデイス,"ヘイロンシン
1999 黒鹿毛
[血統][産駒]
FNo.[1-p]","キョウワアリシバ
1990 鹿毛
[血統][産駒]","Alysheba
1984 鹿毛
[血統][産駒]","Alydar
1975 栗毛",Raise a Native,Sweet Tooth,"Bel Sheba
1970 鹿毛",Lt. Stevens,Belthazar,"Sulemeif
1980 栗毛
[血統][産駒]","Northern Dancer
1961 鹿毛",Nearctic,Natalma,"Barely Even
1969 鹿毛",Creme dela Creme,Dodge Me,"ハッピーヒエン
1987 栗毛
[血統][産駒]","マナード
Manado(愛)
1973 黒鹿毛
[血統][産駒]","Captain's Gig
1965 黒鹿毛",Turn-to,Make Sail,"Slipstream
1967 芦毛",Sing Sing,Palestream,"ブゼンフブキ
1977 鹿毛
[血統][産駒]","セダン
1955 鹿毛",Prince Bio,Staffa,"トサクイン
1960 鹿毛",トサミドリ,ミアンダー
40,2003102991,"エンドスウィープ
End Sweep(米)
1991 鹿毛
[血統][産駒]
Mr. Prospector系","フォーティナイナー
Forty Niner(米)
1985 栗毛
[血統][産駒]","Mr. Prospector
1970 鹿毛
[血統][産駒]","Raise a Native
1961 栗毛",Native Dancer,Raise You,"Gold Digger
1962 鹿毛",Nashua,Sequence,"File
1976 栗毛
[血統][産駒]","Tom Rolfe
1962 鹿毛",Ribot,Pocahontas,"Continue
1958 青鹿毛",Double Jay,Courtesy,"Broom Dance
1979 鹿毛
[血統][産駒]","Dance Spell
1973 鹿毛
[血統][産駒]","Northern Dancer
1961 鹿毛",Nearctic,Natalma,"Obeah
1965 鹿毛",Cyane,Book of Verse,"Witching Hour
1960 鹿毛
[血統][産駒]","Thinking Cap
1952 鹿毛",Rosemont,Camargo,"Enchanted Eve
1949 栗毛",Lovely Night,Poupee,"マイケイティーズ
1998 黒鹿毛
[血統][産駒]
FNo.[7-f]","サンデーサイレンス
Sunday Silence(米)
1986 青鹿毛
[血統][産駒]","Halo
1969 黒鹿毛
[血統][産駒]","Hail to Reason
1958 黒鹿毛",Turn-to,Nothirdchance,"Cosmah
1953 鹿毛",Cosmic Bomb,Almahmoud,"Wishing Well
1975 鹿毛
[血統][産駒]","Understanding
1963 栗毛",Promised Land,Pretty Ways,"Mountain Flower
1964 鹿毛",Montparnasse,Edelweiss,"ケイティーズファースト
Katies First(米)
1987 鹿毛
[血統][産駒]","Kris
1976 栗毛
[血統][産駒]","Sharpen Up
1969 栗毛",エタン,Rocchetta,"Doubly Sure
1971 鹿毛",Reliance,Soft Angels,"Katies
1981 黒鹿毛
[血統][産駒]","ノノアルコ
1971 鹿毛",Nearctic,Seximee,"Mortefontaine
1969 鹿毛",ポリック,Brabantia
41,1997110025,"Crafty Prospector
1979 栗毛
[血統][産駒]
Mr. Prospector系","Mr. Prospector
1970 鹿毛
[血統][産駒]","Raise a Native
1961 栗毛
[血統][産駒]","Native Dancer
1950 芦毛",Polynesian,Geisha,"Raise You
1946 栗毛",Case Ace,Lady Glory,"Gold Digger
1962 鹿毛
[血統][産駒]","Nashua
1952 鹿毛",Nasrullah,Segula,"Sequence
1946 鹿毛",Count Fleet,Miss Dogwood,"Real Crafty Lady
1975 栗毛
[血統][産駒]","In Reality
1964 鹿毛
[血統][産駒]","Intentionally
1956 青毛",Intent,My Recipe,"My Dear Girl
1957 栗毛",Rough'n Tumble,Iltis,"Princess Roycraft
1967 栗毛
[血統][産駒]","Royal Note
1952 鹿毛",Spy Song,Penroyal,"Crafty Princess
1958 黒鹿毛",Crafty Admiral,Adjournment,"Chancey Squaw
1991 鹿毛
[血統][産駒]
FNo.[22-d]","Chief's Crown
1982 鹿毛
[血統][産駒]","Danzig
1977 鹿毛
[血統][産駒]","Northern Dancer
1961 鹿毛",Nearctic,Natalma,"Pas de Nom
1968 黒鹿毛",Admiral's Voyage,Petitioner,"Six Crowns
1976 栗毛
[血統][産駒]","Secretariat
1970 栗毛",Bold Ruler,Somethingroyal,"Chris Evert
1971 栗毛",Swoon's Son,Miss Carmie,"Allicance
1980 鹿毛
[血統][産駒]","Alleged
1974 鹿毛
[血統][産駒]","Hoist the Flag
1968 鹿毛",Tom Rolfe,Wavy Navy,"Princess Pout
1966 鹿毛",Prince John,Determined Lady,"Runaway Bride
1962 鹿毛
[血統][産駒]","Wild Risk
1940 鹿毛",Rialto,Wild Violet,"Aimee
1957 鹿毛",Tudor Minstrel,Emali
